Date,Open,High,Low,Close,Volume
01-01-2021,13996.09961,14049.84961,13991.34961,14018.5,358100
04-01-2021,14104.34961,14147.9502,13953.75,14132.90039,495000
05-01-2021,14075.15039,14215.59961,14048.15039,14199.5,492500
06-01-2021,14240.9502,14244.15039,14039.90039,14146.25,632300
07-01-2021,14253.75,14256.25,14123.09961,14137.34961,559200
08-01-2021,14258.40039,14367.2998,14221.65039,14347.25,613500
11-01-2021,14474.0498,14498.2002,14383.09961,14484.75,672900
12-01-2021,14473.7998,14590.65039,14432.84961,14563.4502,929600
13-01-2021,14639.7998,14653.34961,14435.7002,14564.84961,874000
14-01-2021,14550.0498,14617.7998,14471.5,14595.59961,620200
15-01-2021,14594.34961,14617.4502,14357.84961,14433.7002,789600
18-01-2021,14453.2998,14459.15039,14222.7998,14281.2998,762000
19-01-2021,14371.65039,14546.0498,14350.84961,14521.15039,546100
20-01-2021,14538.2998,14666.4502,14517.5498,14644.7002,623100
21-01-2021,14730.9502,14753.5498,14517.25,14590.34961,704600
22-01-2021,14583.40039,14619.90039,14357.75,14371.90039,776800
25-01-2021,14477.7998,14491.09961,14218.59961,14238.90039,618600
27-01-2021,14237.9502,14237.9502,13929.2998,13967.5,660700
28-01-2021,13810.40039,13898.25,13713.25,13817.5498,637900
29-01-2021,13946.59961,13966.84961,13596.75,13634.59961,753200
01-02-2021,13758.59961,14336.34961,13661.75,14281.2002,870500
02-02-2021,14481.09961,14731.7002,14469.15039,14647.84961,915000
03-02-2021,14754.90039,14868.84961,14574.15039,14789.9502,869500
04-02-2021,14789.0498,14913.7002,14714.75,14895.65039,884700
05-02-2021,14952.59961,15014.65039,14864.75,14924.25,935600
08-02-2021,15064.2998,15159.90039,15041.0498,15115.7998,671200
09-02-2021,15164.15039,15257.09961,15064.2998,15109.2998,713300
10-02-2021,15119.0498,15168.25,14977.2002,15106.5,624800
11-02-2021,15073.25,15188.5,15065.40039,15173.2998,500100
12-02-2021,15186.2002,15243.5,15081,15163.2998,571800
15-02-2021,15270.2998,15340.15039,15243.40039,15314.7002,456000
16-02-2021,15371.4502,15431.75,15242.2002,15313.4502,648500
17-02-2021,15279.90039,15314.2998,15170.75,15208.90039,504800
18-02-2021,15238.7002,15250.75,15078.0498,15118.9502,770600
19-02-2021,15074.7998,15144.0498,14898.2002,14981.75,712200
22-02-2021,14999.0498,15010.09961,14635.0498,14675.7002,609900
23-02-2021,14782.25,14854.5,14651.84961,14707.7998,744100
24-02-2021,14729.15039,15008.7998,14504.5,14982,403800
25-02-2021,15079.84961,15176.5,15065.34961,15097.34961,803900
26-02-2021,14888.59961,14919.4502,14467.75,14529.15039,1103600
01-03-2021,14702.5,14806.7998,14638.5498,14761.5498,507300
02-03-2021,14865.2998,14959.09961,14760.7998,14919.09961,621700
03-03-2021,15064.40039,15273.15039,14995.7998,15245.59961,544200
04-03-2021,15026.75,15202.34961,14980.2002,15080.75,534900
05-03-2021,14977.9502,15092.34961,14862.09961,14938.09961,640700
08-03-2021,15002.4502,15111.15039,14919.90039,14956.2002,0
09-03-2021,15049.90039,15126.84961,14925.4502,15098.40039,675300
10-03-2021,15202.15039,15218.4502,15100.84961,15174.7998,404600
12-03-2021,15321.15039,15336.2998,14953.59961,15030.9502,493200
15-03-2021,15048.40039,15048.40039,14745.84961,14929.5,467500
16-03-2021,14996.09961,15051.59961,14890.65039,14910.4502,100
17-03-2021,14946.5498,14956.5498,14696.0498,14721.2998,100
18-03-2021,14855.5,14875.2002,14478.59961,14557.84961,542200
19-03-2021,14471.15039,14788.25,14350.09961,14744,919200
22-03-2021,14736.2998,14763.90039,14597.84961,14736.40039,459000
23-03-2021,14768.5498,14878.59961,14707,14814.75,474200
24-03-2021,14712.4502,14752.34961,14535,14549.40039,456400
25-03-2021,14570.90039,14575.59961,14264.40039,14324.90039,606800
26-03-2021,14506.2998,14572.90039,14414.25,14507.2998,481000
30-03-2021,14628.5,14876.2998,14617.59961,14845.09961,594500
31-03-2021,14811.84961,14813.75,14670.25,14690.7002,463900
01-04-2021,14798.40039,14883.2002,14692.4502,14867.34961,445000
05-04-2021,14837.7002,14849.84961,14459.5,14637.7998,509700
06-04-2021,14737,14779.09961,14573.90039,14683.5,475300
07-04-2021,14716.4502,14879.7998,14649.84961,14819.0498,0
08-04-2021,14875.65039,14984.15039,14821.09961,14873.7998,514800
09-04-2021,14882.65039,14918.4502,14785.65039,14834.84961,504100
12-04-2021,14644.65039,14652.5,14248.7002,14310.7998,650200
13-04-2021,14364.90039,14528.90039,14274.90039,14504.7998,605100
15-04-2021,14522.40039,14597.5498,14353.2002,14581.4502,568000
16-04-2021,14599.59961,14697.7002,14559,14617.84961,577200
19-04-2021,14306.59961,14382.2998,14191.40039,14359.4502,512300
20-04-2021,14526.7002,14526.9502,14207.2998,14296.40039,467400
22-04-2021,14219.15039,14424.75,14151.40039,14406.15039,524600
23-04-2021,14326.34961,14461.15039,14273.2998,14341.34961,498100
26-04-2021,14449.4502,14557.5,14421.2998,14485,452700
27-04-2021,14493.7998,14667.5498,14484.84961,14653.0498,451800
28-04-2021,14710.5,14890.25,14694.9502,14864.5498,457000
29-04-2021,14979,15044.34961,14814.4502,14894.90039,517500
30-04-2021,14747.34961,14855.4502,14601.7002,14631.09961,613900
03-05-2021,14481.0498,14673.84961,14416.25,14634.15039,448900
04-05-2021,14687.25,14723.40039,14461.5,14496.5,503400
05-05-2021,14604.15039,14637.90039,14506.59961,14617.84961,455900
06-05-2021,14668.34961,14743.90039,14611.5,14724.7998,467800
07-05-2021,14816.84961,14863.0498,14765.5,14823.15039,488000
10-05-2021,14928.25,14966.90039,14892.5,14942.34961,522000
11-05-2021,14789.7002,14900,14771.40039,14850.75,647400
12-05-2021,14823.5498,14824.0498,14649.7002,14696.5,643800
14-05-2021,14749.40039,14749.65039,14591.90039,14677.7998,620700
17-05-2021,14756.25,14938,14725.34961,14923.15039,546400
18-05-2021,15067.2002,15137.25,15043.7002,15108.09961,583900
19-05-2021,15058.59961,15133.40039,15008.84961,15030.15039,569100
20-05-2021,15042.59961,15069.7998,14884.90039,14906.0498,480300
21-05-2021,14987.7998,15190,14985.84961,15175.2998,572900
24-05-2021,15211.34961,15256.25,15145.4502,15197.7002,579800
25-05-2021,15291.75,15293.84961,15163.40039,15208.4502,441500
26-05-2021,15257.0498,15319.90039,15194.9502,15301.4502,384000
27-05-2021,15323.9502,15384.5498,15272.5,15337.84961,0
28-05-2021,15421.2002,15469.65039,15394.75,15435.65039,468100
31-05-2021,15437.75,15606.34961,15374,15582.7998,436000
01-06-2021,15629.65039,15660.75,15528.2998,15574.84961,409600
02-06-2021,15520.34961,15597.4502,15459.84961,15576.2002,428600
03-06-2021,15655.5498,15705.09961,15611,15690.34961,410200
04-06-2021,15712.5,15733.59961,15622.34961,15670.25,414200
07-06-2021,15725.09961,15773.4502,15678.09961,15751.65039,394000
08-06-2021,15773.90039,15778.7998,15680,15740.09961,378200
09-06-2021,15766.2998,15800.4502,15566.90039,15635.34961,457900
10-06-2021,15692.09961,15751.25,15648.5,15737.75,298300
11-06-2021,15796.4502,15835.5498,15749.7998,15799.34961,363000
14-06-2021,15791.40039,15823.0498,15606.5,15811.84961,392900
15-06-2021,15866.9502,15901.59961,15842.40039,15869.25,323300
16-06-2021,15847.5,15880.84961,15742.59961,15767.5498,340200
17-06-2021,15648.2998,15769.34961,15616.75,15691.40039,357600
18-06-2021,15756.5,15761.5,15450.90039,15683.34961,640800
21-06-2021,15525.84961,15765.15039,15505.65039,15746.5,351500
22-06-2021,15840.5,15895.75,15752.09961,15772.75,322200
23-06-2021,15862.7998,15862.9502,15673.9502,15686.9502,287500
24-06-2021,15737.2998,15821.40039,15702.7002,15790.4502,316700
25-06-2021,15839.34961,15870.7998,15772.2998,15860.34961,314600
28-06-2021,15915.34961,15915.65039,15792.15039,15814.7002,255100
29-06-2021,15807.5,15835.90039,15724.0498,15748.4502,360300
30-06-2021,15776.90039,15839.09961,15708.75,15721.5,262400
01-07-2021,15755.0498,15755.5498,15667.0498,15680,224900
02-07-2021,15705.84961,15738.34961,15635.9502,15722.2002,254800
05-07-2021,15793.40039,15845.9502,15762.0498,15834.34961,207000
06-07-2021,15813.75,15914.2002,15801,15818.25,391400
07-07-2021,15819.59961,15893.5498,15779.7002,15879.65039,329300
08-07-2021,15855.40039,15885.75,15682.90039,15727.90039,307900
09-07-2021,15688.25,15730.84961,15632.75,15689.7998,243200
12-07-2021,15766.7998,15789.2002,15644.75,15692.59961,216300
13-07-2021,15794,15820.7998,15744.59961,15812.34961,246700
14-07-2021,15808.7002,15877.34961,15764.2002,15853.9502,0
15-07-2021,15872.15039,15952.34961,15855,15924.2002,284900
16-07-2021,15958.34961,15962.25,15882.59961,15923.40039,276300
19-07-2021,15754.5,15836.90039,15707.5,15752.40039,242100
20-07-2021,15703.9502,15728.4502,15578.5498,15632.09961,274300
22-07-2021,15736.59961,15834.7998,15726.40039,15824.0498,265300
23-07-2021,15856.7998,15899.7998,15768.40039,15856.0498,294100
26-07-2021,15849.2998,15893.34961,15797,15824.4502,267100
27-07-2021,15860.5,15881.5498,15701,15746.4502,311000
28-07-2021,15761.5498,15767.5,15513.4502,15709.40039,318600
29-07-2021,15762.7002,15817.34961,15737.7998,15778.4502,401600
30-07-2021,15800.59961,15862.7998,15744.84961,15763.0498,400000
02-08-2021,15874.90039,15892.90039,15834.65039,15885.15039,244800
03-08-2021,15951.5498,16146.90039,15914.34961,16130.75,341300
04-08-2021,16195.25,16290.2002,16176.15039,16258.7998,427300
05-08-2021,16288.9502,16349.4502,16210.2998,16294.59961,418200
06-08-2021,16304.40039,16336.75,16223.2998,16238.2002,320100
09-08-2021,16281.34961,16320.75,16179.0498,16258.25,240500
10-08-2021,16274.7998,16359.25,16202.25,16280.09961,288000
11-08-2021,16327.2998,16338.75,16162.5498,16282.25,277900
12-08-2021,16303.65039,16375.5,16286.90039,16364.40039,280200
13-08-2021,16385.69922,16543.59961,16376.2998,16529.09961,321900
16-08-2021,16518.40039,16589.40039,16480.75,16563.05078,254000
17-08-2021,16545.25,16628.55078,16495.40039,16614.59961,297400
18-08-2021,16691.94922,16701.84961,16535.84961,16568.84961,251800
20-08-2021,16382.5,16509.55078,16376.0498,16450.5,350800
23-08-2021,16592.25,16592.5,16395.69922,16496.44922,275600
24-08-2021,16561.40039,16647.09961,16495.30078,16624.59961,275400
25-08-2021,16654,16712.44922,16617.5,16634.65039,265900
26-08-2021,16627.94922,16683.69922,16603.40039,16636.90039,253500
27-08-2021,16642.55078,16722.05078,16565.59961,16705.19922,217400
30-08-2021,16775.84961,16951.5,16764.84961,16931.05078,283500
31-08-2021,16947.5,17153.5,16915.84961,17132.19922,464400
01-09-2021,17185.59961,17225.75,17055.05078,17076.25,301900
02-09-2021,17095.40039,17245.5,17059.69922,17234.15039,242400
03-09-2021,17262.44922,17340.09961,17212.19922,17323.59961,261400
06-09-2021,17399.34961,17429.55078,17345.55078,17377.80078,228000
07-09-2021,17401.55078,17436.5,17287,17362.09961,243400
08-09-2021,17375.75,17383.40039,17254.19922,17353.5,252700
09-09-2021,17312.84961,17379.65039,17302.69922,17369.25,241500
13-09-2021,17363.55078,17378.34961,17269.15039,17355.30078,241100
14-09-2021,17420.34961,17438.55078,17367.05078,17380,230400
15-09-2021,17387.65039,17532.69922,17386.90039,17519.44922,388200
16-09-2021,17539.19922,17644.59961,17510.44922,17629.5,503300
17-09-2021,17709.65039,17792.94922,17537.65039,17585.15039,508300
20-09-2021,17443.84961,17622.75,17361.80078,17396.90039,339100
21-09-2021,17450.5,17578.34961,17326.09961,17562,363600
22-09-2021,17580.90039,17610.44922,17524,17546.65039,295200
23-09-2021,17670.84961,17843.90039,17646.55078,17822.94922,320500
24-09-2021,17897.44922,17947.65039,17819.40039,17853.19922,360100
27-09-2021,17932.19922,17943.5,17802.90039,17855.09961,295700
28-09-2021,17906.44922,17912.84961,17576.09961,17748.59961,398000
29-09-2021,17657.94922,17781.75,17608.15039,17711.30078,562200
30-09-2021,17718.90039,17742.15039,17585.34961,17618.15039,378600
01-10-2021,17531.90039,17557.15039,17452.90039,17532.05078,305800
04-10-2021,17615.55078,17750.90039,17581.34961,17691.25,295800
05-10-2021,17661.34961,17833.44922,17640.90039,17822.30078,427000
06-10-2021,17861.5,17884.59961,17613.15039,17646,395800
07-10-2021,17810.55078,17857.55078,17763.80078,17790.34961,419900
08-10-2021,17886.84961,17941.84961,17840.34961,17895.19922,324100
11-10-2021,17867.55078,18041.94922,17839.09961,17945.94922,375800
12-10-2021,17915.80078,18008.65039,17864.94922,17991.94922,355600
13-10-2021,18097.84961,18197.80078,18050.75,18161.75,506700
14-10-2021,18272.84961,18350.75,18248.69922,18338.55078,538700
18-10-2021,18500.09961,18543.15039,18445.30078,18477.05078,469900
19-10-2021,18602.34961,18604.44922,18377.69922,18418.75,368200
20-10-2021,18439.90039,18458.30078,18209.34961,18266.59961,371300
21-10-2021,18382.69922,18384.19922,18048,18178.09961,365900
22-10-2021,18230.69922,18314.25,18034.34961,18114.90039,324700
25-10-2021,18229.5,18241.40039,17968.5,18125.40039,418700
26-10-2021,18154.5,18310.44922,18099.30078,18268.40039,341400
27-10-2021,18295.84961,18342.05078,18167.90039,18210.94922,335200
28-10-2021,18187.65039,18190.69922,17799.44922,17857.25,374200
29-10-2021,17833.05078,17915.84961,17613.09961,17671.65039,336500
01-11-2021,17783.15039,17954.09961,17697.09961,17929.65039,281200
02-11-2021,17970.90039,18012.25,17847.59961,17888.94922,296400
03-11-2021,17947.94922,17988.75,17757.94922,17829.19922,331000
04-11-2021,17935.05078,17947.55078,17900.59961,17916.80078,48500
08-11-2021,18040.19922,18087.80078,17836.09961,18068.55078,338900
09-11-2021,18084.34961,18112.59961,17983.05078,18044.25,270200
10-11-2021,17973.44922,18061.25,17915,18017.19922,261400
11-11-2021,17967.44922,17971.34961,17798.19922,17873.59961,232100
12-11-2021,17977.59961,18123,17905.90039,18102.75,249100
15-11-2021,18140.94922,18210.15039,18071.30078,18109.44922,280400
16-11-2021,18127.05078,18132.65039,17958.80078,17999.19922,267400
17-11-2021,17939.34961,18022.65039,17879.25,17898.65039,295700
18-11-2021,17890.55078,17945.59961,17688.5,17764.80078,278400
22-11-2021,17796.25,17805.25,17280.44922,17416.55078,356400
23-11-2021,17281.75,17553.69922,17216.09961,17503.34961,308800
24-11-2021,17550.05078,17600.59961,17354,17415.05078,298100
25-11-2021,17417.30078,17564.34961,17351.69922,17536.25,255900
26-11-2021,17338.75,17355.40039,16985.69922,17026.44922,356300
29-11-2021,17055.80078,17160.69922,16782.40039,17053.94922,348900
30-11-2021,17051.15039,17324.65039,16931.40039,16983.19922,498000
01-12-2021,17104.40039,17213.05078,17064.25,17166.90039,295500
02-12-2021,17183.19922,17420.34961,17149.30078,17401.65039,279900
03-12-2021,17424.90039,17489.80078,17180.80078,17196.69922,292500
06-12-2021,17209.05078,17216.75,16891.69922,16912.25,231700
07-12-2021,17044.09961,17251.65039,16987.75,17176.69922,254100
08-12-2021,17315.25,17484.59961,17308.94922,17469.75,257800
09-12-2021,17524.40039,17543.25,17379.59961,17516.84961,237200
10-12-2021,17476.05078,17534.34961,17405.25,17511.30078,204500
13-12-2021,17619.09961,17639.5,17355.94922,17368.25,256600
14-12-2021,17283.19922,17376.19922,17225.80078,17324.90039,271000
15-12-2021,17323.65039,17351.19922,17192.19922,17221.40039,215000
16-12-2021,17373,17379.34961,17184.94922,17248.40039,219500
17-12-2021,17276,17298.15039,16966.44922,16985.19922,354600
20-12-2021,16824.25,16840.09961,16410.19922,16614.19922,330600
21-12-2021,16773.15039,16936.40039,16688.25,16770.84961,241000
22-12-2021,16865.55078,16971,16819.5,16955.44922,207900
23-12-2021,17066.80078,17118.65039,17015.55078,17072.59961,197000
24-12-2021,17149.5,17155.59961,16909.59961,17003.75,182600
27-12-2021,16937.75,17112.05078,16833.19922,17086.25,144800
28-12-2021,17177.59961,17250.25,17161.15039,17233.25,176000
29-12-2021,17220.09961,17285.94922,17176.65039,17213.59961,161700
30-12-2021,17201.44922,17264.05078,17146.34961,17203.94922,320800
31-12-2021,17244.5,17400.80078,17238.5,17354.05078,167000
03-01-2022,17387.15039,17646.65039,17383.30078,17625.69922,200500
04-01-2022,17681.40039,17827.59961,17593.55078,17805.25,247400
05-01-2022,17820.09961,17944.69922,17748.84961,17925.25,251500
06-01-2022,17768.5,17797.94922,17655.55078,17745.90039,236500
07-01-2022,17797.59961,17905,17704.55078,17812.69922,239300
10-01-2022,17913.30078,18017.44922,17879.15039,18003.30078,232400
11-01-2022,17997.75,18081.25,17964.40039,18055.75,220200
12-01-2022,18170.40039,18227.94922,18128.80078,18212.34961,245000
13-01-2022,18257,18272.25,18163.80078,18257.80078,303700
14-01-2022,18185,18286.94922,18119.65039,18255.75,229500
17-01-2022,18235.65039,18321.55078,18228.75,18308.09961,266700
18-01-2022,18337.19922,18350.94922,18085.90039,18113.05078,227500
19-01-2022,18129.19922,18129.19922,17884.90039,17938.40039,276700
20-01-2022,17921,17943.69922,17648.44922,17757,258100
21-01-2022,17613.69922,17707.59961,17485.84961,17617.15039,277600
24-01-2022,17575.15039,17599.40039,16997.84961,17149.09961,323800
25-01-2022,17001.55078,17309.15039,16836.80078,17277.94922,326500
27-01-2022,17062,17182.5,16866.75,17110.15039,395600
28-01-2022,17208.30078,17373.5,17077.09961,17101.94922,355300
31-01-2022,17301.05078,17410,17264.15039,17339.84961,321700
01-02-2022,17529.44922,17622.40039,17244.55078,17576.84961,386400
02-02-2022,17706.19922,17794.59961,17674.80078,17780,271200
03-02-2022,17767.75,17781.15039,17511.15039,17560.19922,226600
04-02-2022,17590.19922,17617.80078,17462.55078,17516.30078,261400
07-02-2022,17456.30078,17536.75,17119.40039,17213.59961,265000
08-02-2022,17279.84961,17306.44922,17043.65039,17266.75,268500
09-02-2022,17370.09961,17477.15039,17339,17463.80078,236400
10-02-2022,17554.09961,17639.44922,17427.15039,17605.84961,273600
11-02-2022,17451,17454.75,17303,17374.75,253100
14-02-2022,17076.15039,17099.5,16809.65039,16842.80078,305500
15-02-2022,16933.25,17375,16839.25,17352.44922,298700
16-02-2022,17408.44922,17490.59961,17257.69922,17322.19922,244500
17-02-2022,17396.55078,17442.90039,17235.84961,17304.59961,232100
18-02-2022,17236.05078,17380.80078,17219.19922,17276.30078,189600
21-02-2022,17192.25,17351.05078,17070.69922,17206.65039,215200
22-02-2022,16847.94922,17148.55078,16843.80078,17092.19922,300100
23-02-2022,17194.5,17220.69922,17027.84961,17063.25,200200
24-02-2022,16548.90039,16705.25,16203.25,16247.9502,458000
25-02-2022,16515.65039,16748.80078,16478.30078,16658.40039,329800
28-02-2022,16481.59961,16815.90039,16356.2998,16793.90039,404200
02-03-2022,16593.09961,16678.5,16478.65039,16605.94922,517700
03-03-2022,16723.19922,16768.94922,16442.94922,16498.05078,442100
04-03-2022,16339.4502,16456,16133.7998,16245.34961,456100
07-03-2022,15867.9502,15944.59961,15711.4502,15863.15039,585400
08-03-2022,15747.75,16028.75,15671.4502,16013.4502,543600
09-03-2022,16078,16418.05078,15990,16345.34961,462200
10-03-2022,16757.09961,16757.30078,16447.90039,16594.90039,486400
11-03-2022,16528.80078,16694.40039,16470.90039,16630.44922,343700
14-03-2022,16633.69922,16887.94922,16606.5,16871.30078,314700
15-03-2022,16900.65039,16927.75,16555,16663,381600
16-03-2022,16876.65039,16987.90039,16837.84961,16975.34961,260000
17-03-2022,17202.90039,17344.59961,17175.75,17287.05078,448300
21-03-2022,17329.5,17353.34961,17096.40039,17117.59961,285500
22-03-2022,17120.40039,17334.40039,17006.30078,17315.5,338300
23-03-2022,17405.05078,17442.40039,17199.59961,17245.65039,292100
24-03-2022,17094.94922,17291.75,17091.15039,17222.75,290300
25-03-2022,17289,17294.90039,17076.55078,17153,237100
28-03-2022,17181.84961,17235.09961,17003.90039,17222,253200
29-03-2022,17297.19922,17343.65039,17235.69922,17325.30078,235100
30-03-2022,17468.15039,17522.5,17387.19922,17498.25,505000
31-03-2022,17519.19922,17559.80078,17435.19922,17464.75,281100
01-04-2022,17436.90039,17703.69922,17422.69922,17670.44922,291800
04-04-2022,17809.09961,18114.65039,17791.40039,18053.40039,345500
05-04-2022,18080.59961,18095.44922,17921.55078,17957.40039,283500
06-04-2022,17842.75,17901,17779.84961,17807.65039,328800
07-04-2022,17723.30078,17787.5,17623.69922,17639.55078,308800
08-04-2022,17698.15039,17842.75,17600.55078,17784.34961,274400
11-04-2022,17740.90039,17779.05078,17650.94922,17674.94922,251700
12-04-2022,17584.84961,17595.30078,17442.34961,17530.30078,266000
13-04-2022,17599.90039,17663.65039,17457.40039,17475.65039,245100
18-04-2022,17183.44922,17237.75,17067.84961,17173.65039,376100
19-04-2022,17258.94922,17275.65039,16824.69922,16958.65039,401400
20-04-2022,17045.25,17186.90039,16978.94922,17136.55078,286100
21-04-2022,17234.59961,17414.69922,17215.5,17392.59961,285200
22-04-2022,17242.75,17315.30078,17149.19922,17171.94922,262700
25-04-2022,17009.05078,17054.30078,16888.69922,16953.94922,275700
26-04-2022,17121.30078,17223.84961,17064.44922,17200.80078,261100
27-04-2022,17073.34961,17110.69922,16958.44922,17038.40039,265100
28-04-2022,17189.5,17322.5,17071.05078,17245.05078,312900
29-04-2022,17329.25,17377.65039,17053.25,17102.55078,336200
02-05-2022,16924.44922,17092.25,16917.25,17069.09961,278200
04-05-2022,17096.59961,17132.84961,16623.94922,16677.59961,310600
05-05-2022,16854.75,16945.69922,16651.84961,16682.65039,265800
06-05-2022,16415.55078,16484.19922,16340.90039,16411.25,300500
09-05-2022,16227.7002,16403.69922,16142.09961,16301.84961,288400
10-05-2022,16248.90039,16404.55078,16197.2998,16240.0498,283100
11-05-2022,16270.0498,16318.75,15992.59961,16167.09961,284300
12-05-2022,16021.09961,16041.9502,15735.75,15808,314900
13-05-2022,15977,16083.59961,15740.84961,15782.15039,369100
16-05-2022,15845.09961,15977.9502,15739.65039,15842.2998,217600
17-05-2022,15912.59961,16284.25,15900.7998,16259.2998,295700
18-05-2022,16318.15039,16399.80078,16211.2002,16240.2998,290400
19-05-2022,15917.40039,15984.75,15775.2002,15809.40039,313900
20-05-2022,16043.7998,16283.0498,16003.84961,16266.15039,252400
23-05-2022,16290.9502,16414.69922,16185.75,16214.7002,293800
24-05-2022,16225.5498,16262.7998,16078.59961,16125.15039,249800
25-05-2022,16196.34961,16223.34961,16006.9502,16025.7998,243300
26-05-2022,16105,16204.4502,15903.7002,16170.15039,314300
27-05-2022,16296.59961,16370.59961,16221.9502,16352.4502,274100
30-05-2022,16527.90039,16695.5,16506.15039,16661.40039,251400
31-05-2022,16578.44922,16690.75,16521.90039,16584.55078,651600
01-06-2022,16594.40039,16649.19922,16438.84961,16522.75,249600
02-06-2022,16481.65039,16646.40039,16443.05078,16628,236000
03-06-2022,16761.65039,16793.84961,16567.90039,16584.30078,245500
06-06-2022,16530.69922,16610.94922,16444.55078,16569.55078,233600
07-06-2022,16469.59961,16487.25,16347.09961,16416.34961,233800
08-06-2022,16474.94922,16514.30078,16293.34961,16356.25,243500
09-06-2022,16263.84961,16492.80078,16243.84961,16478.09961,205000
10-06-2022,16283.9502,16324.7002,16172.59961,16201.7998,189700
13-06-2022,15877.5498,15886.15039,15684,15774.40039,225500
14-06-2022,15674.25,15858,15659.4502,15732.09961,225400
15-06-2022,15729.25,15783.65039,15678.90039,15692.15039,183000
16-06-2022,15832.25,15863.15039,15335.09961,15360.59961,264700
17-06-2022,15272.65039,15400.40039,15183.40039,15293.5,342600
20-06-2022,15334.5,15382.5,15191.09961,15350.15039,260000
21-06-2022,15455.9502,15707.25,15419.84961,15638.7998,262800
22-06-2022,15545.65039,15565.40039,15385.9502,15413.2998,220900
23-06-2022,15451.5498,15628.4502,15367.5,15556.65039,259200
24-06-2022,15657.40039,15749.25,15619.4502,15699.25,219600
27-06-2022,15926.2002,15927.4502,15815.5,15832.0498,210900
28-06-2022,15757.4502,15892.09961,15710.15039,15850.2002,251900
29-06-2022,15701.7002,15861.59961,15687.7998,15799.09961,444900
30-06-2022,15774.5,15890,15728.84961,15780.25,306000
01-07-2022,15703.7002,15793.9502,15511.0498,15752.0498,364100
04-07-2022,15710.5,15852.34961,15661.7998,15835.34961,304300
05-07-2022,15909.15039,16025.75,15785.4502,15810.84961,254200
06-07-2022,15818.2002,16011.34961,15800.90039,15989.7998,288400
07-07-2022,16113.75,16150.5,16045.9502,16132.90039,264600
08-07-2022,16273.65039,16275.5,16157.90039,16220.59961,281100
11-07-2022,16136.15039,16248.5498,16115.5,16216,255900
12-07-2022,16126.2002,16158.75,16031.15039,16058.2998,208600
13-07-2022,16128.2002,16140,15950.15039,15966.65039,233300
14-07-2022,16018.84961,16070.84961,15858.2002,15938.65039,228600
15-07-2022,16010.7998,16066.9502,15927.2998,16049.2002,205800
18-07-2022,16151.40039,16287.9502,16142.2002,16278.5,227700
19-07-2022,16187.0498,16359.5,16187.0498,16340.5498,222600
20-07-2022,16562.80078,16588,16490.94922,16520.84961,284400
21-07-2022,16523.55078,16626.94922,16483.90039,16605.25,243600
22-07-2022,16661.25,16752.25,16610.90039,16719.44922,190900
25-07-2022,16662.55078,16706.05078,16564.25,16631,211400
26-07-2022,16632.90039,16636.09961,16463.30078,16483.84961,208200
27-07-2022,16475.34961,16653.44922,16438.75,16641.80078,185200
28-07-2022,16774.84961,16947.65039,16746.25,16929.59961,376300
29-07-2022,17079.5,17172.80078,17018.15039,17158.25,436100
01-08-2022,17243.19922,17356.25,17154.80078,17340.05078,381500
02-08-2022,17310.15039,17390.15039,17215.84961,17345.44922,333600
03-08-2022,17349.25,17407.5,17225.84961,17388.15039,285400
04-08-2022,17463.09961,17490.69922,17161.25,17382,325000
05-08-2022,17423.65039,17474.40039,17348.75,17397.5,355300
08-08-2022,17401.5,17548.80078,17359.75,17525.09961,257000
10-08-2022,17566.09961,17566.09961,17442.80078,17534.75,312700
11-08-2022,17711.65039,17719.30078,17631.94922,17659,311200
12-08-2022,17659.65039,17724.65039,17597.84961,17698.15039,303900
16-08-2022,17797.19922,17839.09961,17764.05078,17825.25,0
17-08-2022,17868.15039,17965.94922,17833.34961,17944.25,262800
18-08-2022,17898.65039,17968.44922,17852.05078,17956.5,263900
19-08-2022,17966.55078,17992.19922,17710.75,17758.44922,295600
22-08-2022,17682.90039,17690.05078,17467.34961,17490.69922,287600
23-08-2022,17357.34961,17625.55078,17345.19922,17577.5,285600
24-08-2022,17525.44922,17623.65039,17499.25,17604.94922,262000
25-08-2022,17679,17726.5,17487.44922,17522.44922,230200
26-08-2022,17619.30078,17685.84961,17519.34961,17558.90039,266600
29-08-2022,17188.65039,17380.15039,17166.19922,17312.90039,244900
30-08-2022,17414.94922,17777.65039,17401.5,17759.30078,324700
01-09-2022,17485.69922,17695.59961,17468.44922,17542.80078,308500
02-09-2022,17598.40039,17643.84961,17476.44922,17539.44922,256300
05-09-2022,17546.44922,17683.15039,17540.34961,17665.80078,230300
06-09-2022,17695.69922,17764.65039,17587.65039,17655.59961,251200
07-09-2022,17519.40039,17650.75,17484.30078,17624.40039,354100
08-09-2022,17748.15039,17807.65039,17691.94922,17798.75,279800
09-09-2022,17923.34961,17925.94922,17786,17833.34961,270300
12-09-2022,17890.84961,17980.55078,17889.15039,17936.34961,228200
13-09-2022,18044.44922,18088.30078,18015.44922,18070.05078,259900
14-09-2022,17771.15039,18091.55078,17771.15039,18003.75,365900
15-09-2022,18046.34961,18096.15039,17861.5,17877.40039,289600
16-09-2022,17796.80078,17820.05078,17497.25,17530.84961,468500
19-09-2022,17540.65039,17667.19922,17429.69922,17622.25,258300
20-09-2022,17770.40039,17919.30078,17744.40039,17816.25,263100
21-09-2022,17766.34961,17838.69922,17663.59961,17718.34961,245500
22-09-2022,17609.65039,17722.75,17532.44922,17629.80078,284100
23-09-2022,17593.84961,17642.15039,17291.65039,17327.34961,390800
26-09-2022,17156.30078,17196.40039,16978.30078,17016.30078,492000
27-09-2022,17110.90039,17176.44922,16942.34961,17007.40039,359900
28-09-2022,16870.55078,17037.59961,16820.40039,16858.59961,323900
29-09-2022,16993.59961,17026.05078,16788.59961,16818.09961,340000
30-09-2022,16798.05078,17187.09961,16747.69922,17094.34961,376100
03-10-2022,17102.09961,17114.65039,16855.55078,16887.34961,278400
04-10-2022,17147.44922,17287.30078,17117.30078,17274.30078,226000
06-10-2022,17379.25,17428.80078,17315.65039,17331.80078,265500
07-10-2022,17287.19922,17337.34961,17216.94922,17314.65039,216300
10-10-2022,17094.34961,17280.15039,17064.69922,17241,234000
11-10-2022,17256.05078,17261.80078,16950.30078,16983.55078,282600
12-10-2022,17025.55078,17142.34961,16960.05078,17123.59961,256000
13-10-2022,17087.34961,17112.34961,16956.94922,17014.34961,266400
14-10-2022,17322.30078,17348.55078,17169.75,17185.69922,227000
17-10-2022,17144.80078,17328.55078,17098.55078,17311.80078,212200
18-10-2022,17438.75,17527.80078,17434.05078,17486.94922,239500
19-10-2022,17568.15039,17607.59961,17472.84961,17512.25,210500
20-10-2022,17423.09961,17584.15039,17421,17563.94922,249600
21-10-2022,17622.84961,17670.15039,17520.75,17576.30078,277700
24-10-2022,17736.34961,17777.55078,17707.40039,17730.75,45000
25-10-2022,17808.30078,17811.5,17637,17656.34961,251400
27-10-2022,17771.40039,17783.90039,17654.5,17736.94922,324600
28-10-2022,17756.40039,17838.90039,17723.69922,17786.80078,250000
31-10-2022,17910.19922,18022.80078,17899.90039,18012.19922,227200
01-11-2022,18130.69922,18175.80078,18060.15039,18145.40039,349900
02-11-2022,18177.90039,18178.75,18048.65039,18082.84961,270900
03-11-2022,17968.34961,18106.30078,17959.19922,18052.69922,213000
04-11-2022,18053.40039,18135.09961,18017.15039,18117.15039,267900
07-11-2022,18211.75,18255.5,18064.75,18202.80078,314800
09-11-2022,18288.25,18296.40039,18117.5,18157,307200
10-11-2022,18044.34961,18103.09961,17969.40039,18028.19922,256500
11-11-2022,18272.34961,18362.30078,18259.34961,18349.69922,378500
14-11-2022,18376.40039,18399.44922,18311.40039,18329.15039,301400
15-11-2022,18362.75,18427.94922,18282,18403.40039,250900
16-11-2022,18398.25,18442.15039,18344.15039,18409.65039,219300
17-11-2022,18358.69922,18417.59961,18312.94922,18343.90039,200500
18-11-2022,18382.94922,18394.59961,18209.80078,18307.65039,198800
21-11-2022,18246.40039,18262.30078,18133.34961,18159.94922,213800
22-11-2022,18179.15039,18261.84961,18137.69922,18244.19922,177700
23-11-2022,18325.19922,18325.40039,18246,18267.25,178800
24-11-2022,18326.09961,18529.69922,18294.25,18484.09961,204000
25-11-2022,18528.44922,18534.90039,18445.09961,18512.75,205900
28-11-2022,18430.55078,18614.25,18365.59961,18562.75,206500
29-11-2022,18552.44922,18678.09961,18552.15039,18618.05078,195300
30-11-2022,18625.69922,18816.05078,18616.55078,18758.34961,345600
01-12-2022,18871.94922,18887.59961,18778.19922,18812.5,325000
02-12-2022,18752.40039,18781.94922,18639.19922,18696.09961,254400
05-12-2022,18719.55078,18728.59961,18591.34961,18701.05078,288400
06-12-2022,18600.65039,18654.90039,18577.90039,18642.75,217800
07-12-2022,18638.84961,18668.30078,18528.40039,18560.5,200500
08-12-2022,18570.84961,18625,18536.94922,18609.34961,202800
09-12-2022,18662.40039,18664.69922,18410.09961,18496.59961,215800
12-12-2022,18402.15039,18521.55078,18345.69922,18497.15039,193900
13-12-2022,18524.40039,18617.25,18490.19922,18608,187600
14-12-2022,18671.25,18696.09961,18632.90039,18660.30078,208000
15-12-2022,18614.40039,18652.90039,18387.69922,18414.90039,183100
16-12-2022,18319.09961,18440.94922,18255.15039,18269,277700
19-12-2022,18288.09961,18431.65039,18244.55078,18420.44922,154800
20-12-2022,18340.30078,18404.90039,18202.65039,18385.30078,169000
21-12-2022,18435.15039,18473.34961,18162.75,18199.09961,187600
22-12-2022,18288.80078,18318.75,18068.59961,18127.34961,195700
23-12-2022,17977.65039,18050.44922,17779.5,17806.80078,221500
26-12-2022,17830.40039,18084.09961,17774.25,18014.59961,176700
27-12-2022,18089.80078,18149.25,17967.44922,18132.30078,214300
28-12-2022,18084.75,18173.09961,18068.34961,18122.5,193900
29-12-2022,18045.69922,18229.69922,17992.80078,18191,281100
30-12-2022,18259.09961,18265.25,18080.30078,18105.30078,192000
02-01-2023,18131.69922,18215.15039,18086.5,18197.44922,256100
03-01-2023,18163.19922,18251.94922,18149.80078,18232.55078,208700
04-01-2023,18230.65039,18243,18020.59961,18042.94922,235200
05-01-2023,18101.94922,18120.30078,17892.59961,17992.15039,269900
06-01-2023,18008.05078,18047.40039,17795.55078,17859.44922,238200
09-01-2023,17952.55078,18141.40039,17936.15039,18101.19922,257200
10-01-2023,18121.30078,18127.59961,17856,17914.15039,283300
11-01-2023,17924.25,17976.34961,17824.34961,17895.69922,259900
12-01-2023,17920.84961,17945.80078,17761.65039,17858.19922,227800
13-01-2023,17867.5,17999.34961,17774.25,17956.59961,256700
16-01-2023,18033.15039,18049.65039,17853.65039,17894.84961,206200
17-01-2023,17922.80078,18072.05078,17886.94922,18053.30078,219100
18-01-2023,18074.30078,18183.75,18032.44922,18165.34961,255800
19-01-2023,18119.80078,18155.19922,18063.75,18107.84961,237800
20-01-2023,18115.59961,18145.44922,18016.19922,18027.65039,237200
23-01-2023,18118.44922,18162.59961,18063.44922,18118.55078,202500
24-01-2023,18183.94922,18201.25,18078.65039,18118.30078,216900
25-01-2023,18093.34961,18100.59961,17846.15039,17891.94922,257200
27-01-2023,17877.19922,17884.75,17493.55078,17604.34961,476300
30-01-2023,17541.94922,17709.15039,17405.55078,17648.94922,432400
31-01-2023,17731.44922,17735.69922,17537.55078,17662.15039,398300
01-02-2023,17811.59961,17972.19922,17353.40039,17616.30078,512900
02-02-2023,17517.09961,17653.90039,17445.94922,17610.40039,490100
03-02-2023,17721.75,17870.30078,17584.19922,17854.05078,424100
06-02-2023,17818.55078,17823.69922,17698.34961,17764.59961,282500
07-02-2023,17790.09961,17811.15039,17652.55078,17721.5,354400
08-02-2023,17750.30078,17898.69922,17744.15039,17871.69922,291000
09-02-2023,17885.5,17916.90039,17779.80078,17893.44922,260900
10-02-2023,17847.55078,17876.94922,17801,17856.5,232000
13-02-2023,17859.09961,17880.69922,17719.75,17770.90039,231300
14-02-2023,17840.34961,17954.55078,17800.05078,17929.84961,244500
15-02-2023,17896.59961,18034.09961,17853.80078,18015.84961,229300
16-02-2023,18094.75,18134.75,18000.65039,18035.84961,230200
17-02-2023,17974.84961,18034.25,17884.59961,17944.19922,208100
20-02-2023,17965.55078,18004.34961,17818.40039,17844.59961,174600
21-02-2023,17905.80078,17924.90039,17800.30078,17826.69922,198200
22-02-2023,17755.34961,17772.5,17529.44922,17554.30078,204000
23-02-2023,17574.65039,17620.05078,17455.40039,17511.25,240800
24-02-2023,17591.34961,17599.75,17421.80078,17465.80078,209400
27-02-2023,17428.59961,17451.59961,17299,17392.69922,246400
28-02-2023,17383.25,17440.44922,17255.19922,17303.94922,420900
01-03-2023,17360.09961,17467.75,17345.25,17450.90039,272900
02-03-2023,17421.5,17445.80078,17306,17321.90039,310700
03-03-2023,17451.25,17644.75,17427.69922,17594.34961,356200
06-03-2023,17680.34961,17799.94922,17671.94922,17711.44922,362800
08-03-2023,17665.75,17766.5,17602.25,17754.40039,267000
09-03-2023,17772.05078,17772.34961,17573.59961,17589.59961,262400
10-03-2023,17443.80078,17451.5,17324.34961,17412.90039,235900
13-03-2023,17421.90039,17529.90039,17113.44922,17154.30078,254900
14-03-2023,17160.55078,17224.65039,16987.09961,17043.30078,290600
15-03-2023,17166.44922,17211.34961,16938.90039,16972.15039,248200
16-03-2023,16994.65039,17062.44922,16850.15039,16985.59961,349800
17-03-2023,17111.80078,17145.80078,16958.15039,17100.05078,408100
20-03-2023,17066.59961,17066.59961,16828.34961,16988.40039,241800
21-03-2023,17060.40039,17127.69922,17016,17107.5,246700
22-03-2023,17177.44922,17207.25,17107.84961,17151.90039,0
23-03-2023,17097.40039,17205.40039,17045.30078,17076.90039,219200
24-03-2023,17076.19922,17109.44922,16917.34961,16945.05078,228000
27-03-2023,16984.30078,17091,16918.55078,16985.69922,218400
28-03-2023,17031.75,17061.75,16913.75,16951.69922,238800
29-03-2023,16977.30078,17126.15039,16940.59961,17080.69922,345900
31-03-2023,17210.34961,17381.59961,17204.65039,17359.75,263900
03-04-2023,17427.94922,17428.05078,17312.75,17398.05078,230200
05-04-2023,17422.30078,17570.55078,17402.69922,17557.05078,248300
06-04-2023,17533.84961,17638.69922,17502.84961,17599.15039,242700
10-04-2023,17634.90039,17694.09961,17597.94922,17624.05078,254800
11-04-2023,17704.80078,17748.75,17655.15039,17722.30078,304300
12-04-2023,17759.55078,17825.75,17717.25,17812.40039,232800
13-04-2023,17807.30078,17842.15039,17729.65039,17828,285800
17-04-2023,17863,17863,17574.05078,17706.84961,357400
18-04-2023,17766.59961,17766.59961,17610.19922,17660.15039,258900
19-04-2023,17653.34961,17666.15039,17579.84961,17618.75,281500
20-04-2023,17638.59961,17684.44922,17584.34961,17624.44922,215100
21-04-2023,17639.75,17663.19922,17553.94922,17624.05078,230200
24-04-2023,17707.55078,17754.5,17612.5,17743.40039,255700
25-04-2023,17761.55078,17807.44922,17716.84961,17769.25,297400
26-04-2023,17767.30078,17827.75,17711.19922,17813.59961,233000
27-04-2023,17813.09961,17931.59961,17797.90039,17915.05078,241400
28-04-2023,17950.40039,18089.15039,17885.30078,18065,290300
02-05-2023,18124.80078,18180.25,18101.75,18147.65039,265200
03-05-2023,18113.80078,18116.34961,18042.40039,18089.84961,226200
04-05-2023,18081,18267.44922,18066.69922,18255.80078,226600
05-05-2023,18117.30078,18216.94922,18055.44922,18069,239700
08-05-2023,18120.59961,18286.94922,18100.30078,18264.40039,228400
09-05-2023,18303.40039,18344.19922,18229.65039,18265.94922,245400
10-05-2023,18313.59961,18326.75,18211.94922,18315.09961,220500
11-05-2023,18357.80078,18389.69922,18270.40039,18297,248900
12-05-2023,18273.75,18342.75,18194.55078,18314.80078,241700
15-05-2023,18339.30078,18458.90039,18287.90039,18398.84961,216100
16-05-2023,18432.34961,18432.34961,18264.34961,18286.5,219500
17-05-2023,18300.44922,18309,18115.34961,18181.75,229900
18-05-2023,18287.5,18297.19922,18104.84961,18129.94922,272100
19-05-2023,18186.15039,18218.09961,18060.40039,18203.40039,260900
22-05-2023,18201.09961,18335.25,18178.84961,18314.40039,262600
23-05-2023,18362.90039,18419.75,18324.19922,18348,270400
24-05-2023,18294.80078,18392.59961,18262.94922,18285.40039,232600
25-05-2023,18268.90039,18338.09961,18202.40039,18321.15039,235900
26-05-2023,18368.34961,18508.55078,18333.15039,18499.34961,198700
29-05-2023,18619.15039,18641.19922,18581.25,18598.65039,265300
30-05-2023,18606.65039,18662.44922,18575.5,18633.84961,234400
31-05-2023,18594.19922,18603.90039,18483.84961,18534.40039,696500
01-06-2023,18579.40039,18580.30078,18464.55078,18487.75,265600
02-06-2023,18550.84961,18573.69922,18478.40039,18534.09961,270900
05-06-2023,18612,18640.15039,18582.80078,18593.84961,256100
06-06-2023,18600.80078,18622.75,18531.59961,18599,220800
07-06-2023,18665.59961,18738.94922,18636,18726.40039,260100
08-06-2023,18725.34961,18777.90039,18615.59961,18634.55078,286500
09-06-2023,18655.90039,18676.65039,18555.40039,18563.40039,221800
12-06-2023,18595.05078,18633.59961,18559.75,18601.5,179500
13-06-2023,18631.80078,18728.90039,18631.80078,18716.15039,233200
14-06-2023,18744.59961,18769.69922,18690,18755.90039,261400
15-06-2023,18774.44922,18794.09961,18669.05078,18688.09961,263000
16-06-2023,18723.30078,18864.69922,18710.5,18826,272800
19-06-2023,18873.30078,18881.44922,18719.15039,18755.44922,219800
20-06-2023,18752.34961,18839.69922,18660.65039,18816.69922,211600
21-06-2023,18849.40039,18875.90039,18794.84961,18856.84961,217500
22-06-2023,18853.59961,18886.59961,18759.5,18771.25,252700
23-06-2023,18741.84961,18756.40039,18647.09961,18665.5,210600
26-06-2023,18682.34961,18722.05078,18646.69922,18691.19922,171300
27-06-2023,18748.55078,18829.25,18714.25,18817.40039,222500
28-06-2023,18908.15039,19011.25,18861.34961,18972.09961,398800
30-06-2023,19076.84961,19201.69922,19024.59961,19189.05078,247900
03-07-2023,19246.5,19345.09961,19234.40039,19322.55078,226100
04-07-2023,19406.59961,19434.15039,19300,19389,226900
05-07-2023,19405.94922,19421.59961,19339.59961,19398.5,224400
06-07-2023,19385.69922,19512.19922,19373,19497.30078,268300
07-07-2023,19422.80078,19523.59961,19303.59961,19331.80078,237100
10-07-2023,19400.34961,19435.84961,19327.09961,19355.90039,268200
11-07-2023,19427.09961,19515.09961,19406.44922,19439.40039,251300
12-07-2023,19497.44922,19507.69922,19361.75,19384.30078,327900
13-07-2023,19495.19922,19567,19385.80078,19413.75,310400
14-07-2023,19493.44922,19595.34961,19433.5,19564.5,291200
17-07-2023,19612.15039,19731.84961,19562.94922,19711.44922,268700
18-07-2023,19787.5,19819.44922,19690.19922,19749.25,286400
19-07-2023,19802.94922,19851.69922,19727.44922,19833.15039,259700
20-07-2023,19831.69922,19991.84961,19758.40039,19979.15039,274700
21-07-2023,19800.44922,19887.40039,19700,19745,312500
24-07-2023,19748.44922,19782.75,19658.30078,19672.34961,265600
25-07-2023,19729.34961,19729.34961,19615.94922,19680.59961,369700
26-07-2023,19733.34961,19825.59961,19716.69922,19778.30078,244700
27-07-2023,19850.90039,19867.55078,19603.55078,19659.90039,334900
28-07-2023,19659.75,19695.90039,19563.09961,19646.05078,258700
31-07-2023,19666.34961,19772.75,19597.59961,19753.80078,295100
01-08-2023,19784,19795.59961,19704.59961,19733.55078,298000
02-08-2023,19655.40039,19678.25,19423.55078,19526.55078,290700
03-08-2023,19463.75,19537.65039,19296.44922,19381.65039,315700
04-08-2023,19462.80078,19538.84961,19436.44922,19517,280800
07-08-2023,19576.84961,19620.44922,19524.80078,19597.30078,216600
08-08-2023,19627.19922,19634.40039,19533.09961,19570.84961,260300
09-08-2023,19578.80078,19645.5,19467.5,19632.55078,266500
10-08-2023,19605.55078,19623.59961,19495.40039,19543.09961,312200
11-08-2023,19554.25,19557.75,19412.75,19428.30078,235500
14-08-2023,19383.94922,19465.84961,19257.90039,19434.55078,243900
16-08-2023,19369,19482.75,19317.19922,19465,0
17-08-2023,19450.55078,19461.55078,19326.25,19365.25,268700
18-08-2023,19301.75,19373.80078,19253.59961,19310.15039,256100
21-08-2023,19320.65039,19425.94922,19296.30078,19393.59961,262600
22-08-2023,19417.09961,19443.5,19381.30078,19396.44922,208700
23-08-2023,19439.19922,19472.05078,19366.59961,19444,225200
24-08-2023,19535.15039,19584.44922,19369,19386.69922,268300
25-08-2023,19297.40039,19339.55078,19229.69922,19265.80078,466500
28-08-2023,19298.34961,19366.84961,19249.69922,19306.05078,248200
29-08-2023,19374.84961,19377.90039,19309.09961,19342.65039,307400
30-08-2023,19433.44922,19452.80078,19334.75,19347.44922,233000
31-08-2023,19375.55078,19388.19922,19223.65039,19253.80078,562600
01-09-2023,19258.15039,19458.55078,19255.69922,19435.30078,333000
04-09-2023,19525.05078,19545.15039,19432.84961,19528.80078,296800
05-09-2023,19564.65039,19587.05078,19525.75,19574.90039,256800
06-09-2023,19581.19922,19636.44922,19491.5,19611.05078,287600
07-09-2023,19598.65039,19737,19550.05078,19727.05078,304900
08-09-2023,19774.80078,19867.15039,19727.05078,19819.94922,288100
11-09-2023,19890,20008.15039,19865.34961,19996.34961,248800
12-09-2023,20110.15039,20110.34961,19914.65039,19993.19922,328100
13-09-2023,19989.5,20096.90039,19944.09961,20070,251400
14-09-2023,20127.94922,20167.65039,20043.44922,20103.09961,275100
15-09-2023,20156.44922,20222.44922,20129.69922,20192.34961,438200
18-09-2023,20155.94922,20195.34961,20115.69922,20133.30078,264900
20-09-2023,19980.75,20050.65039,19878.84961,19901.40039,378100
21-09-2023,19840.55078,19848.75,19709.94922,19742.34961,275100
22-09-2023,19744.84961,19798.65039,19657.5,19674.25,246400
25-09-2023,19678.19922,19734.15039,19601.55078,19674.55078,188400
26-09-2023,19682.80078,19699.34961,19637.44922,19664.69922,204900
27-09-2023,19637.05078,19730.69922,19554,19716.44922,203600
28-09-2023,19761.80078,19766.65039,19492.09961,19523.55078,352800
29-09-2023,19581.19922,19726.25,19551.05078,19638.30078,243500
03-10-2023,19622.40039,19623.19922,19479.65039,19528.75,221700
04-10-2023,19446.30078,19457.80078,19333.59961,19436.09961,277100
05-10-2023,19521.84961,19576.94922,19487.30078,19545.75,234900
06-10-2023,19621.19922,19675.75,19589.40039,19653.5,159100
09-10-2023,19539.44922,19588.94922,19480.5,19512.34961,165100
10-10-2023,19565.59961,19717.80078,19565.44922,19689.84961,216600
11-10-2023,19767,19839.19922,19756.94922,19811.34961,213700
12-10-2023,19822.69922,19843.30078,19772.65039,19794,217900
13-10-2023,19654.55078,19805.40039,19635.30078,19751.05078,255000
16-10-2023,19737.25,19781.30078,19691.84961,19731.75,181000
17-10-2023,19843.19922,19849.75,19775.65039,19811.5,185800
18-10-2023,19820.44922,19840.94922,19659.94922,19671.09961,198900
19-10-2023,19545.19922,19681.80078,19512.34961,19624.69922,230300
20-10-2023,19542.15039,19593.80078,19518.69922,19542.65039,198300
23-10-2023,19521.59961,19556.84961,19257.84961,19281.75,176000
25-10-2023,19286.44922,19347.30078,19074.15039,19122.15039,225300
26-10-2023,19027.25,19041.69922,18837.84961,18857.25,300400
27-10-2023,18928.75,19076.15039,18926.65039,19047.25,205200
30-10-2023,19053.40039,19158.5,18940,19140.90039,180100
31-10-2023,19232.94922,19233.69922,19056.44922,19079.59961,206000
01-11-2023,19064.05078,19096.05078,18973.69922,18989.15039,194100
02-11-2023,19120,19175.25,19064.15039,19133.25,245600
03-11-2023,19241,19276.25,19210.90039,19230.59961,189500
06-11-2023,19345.84961,19423,19309.69922,19411.75,180700
07-11-2023,19404.05078,19423.5,19329.09961,19406.69922,198700
08-11-2023,19449.59961,19464.40039,19401.5,19443.5,195000
09-11-2023,19457.40039,19463.90039,19378.34961,19395.30078,208400
10-11-2023,19351.84961,19451.30078,19329.44922,19425.34961,152200
13-11-2023,19486.75,19494.40039,19414.75,19443.55078,189300
15-11-2023,19651.40039,19693.19922,19579.65039,19675.44922,291500
16-11-2023,19674.69922,19875.25,19627,19765.19922,282700
17-11-2023,19674.75,19806,19667.44922,19731.80078,236800
20-11-2023,19731.15039,19756.44922,19670.5,19694,173800
21-11-2023,19770.90039,19829.09961,19754.05078,19783.40039,195000
22-11-2023,19784,19825.55078,19703.84961,19811.84961,184500
23-11-2023,19828.44922,19875.15039,19786.75,19802,170000
24-11-2023,19809.59961,19832.84961,19768.84961,19794.69922,145900
28-11-2023,19844.65039,19916.84961,19800,19889.69922,229600
29-11-2023,19976.55078,20104.65039,19956.30078,20096.59961,236200
30-11-2023,20108.5,20158.69922,20015.84961,20133.15039,486600
01-12-2023,20194.09961,20291.55078,20183.69922,20267.90039,265800
04-12-2023,20601.94922,20702.65039,20507.75,20686.80078,381100
05-12-2023,20808.90039,20864.05078,20711.15039,20855.09961,421000
06-12-2023,20950.75,20961.94922,20852.15039,20937.69922,359200
07-12-2023,20932.40039,20941.25,20850.80078,20901.15039,275000
08-12-2023,20934.09961,21006.09961,20862.69922,20969.40039,292400
11-12-2023,20965.30078,21026.09961,20923.69922,20997.09961,212900
12-12-2023,21018.55078,21037.90039,20867.15039,20906.40039,244900
13-12-2023,20929.75,20950,20769.5,20926.34961,260300
14-12-2023,21110.40039,21210.90039,21074.44922,21182.69922,334400
15-12-2023,21287.44922,21492.30078,21235.30078,21456.65039,508800
18-12-2023,21434.80078,21482.80078,21365.34961,21418.65039,249700
19-12-2023,21477.65039,21505.05078,21337.75,21453.09961,249800
20-12-2023,21543.5,21593,21087.34961,21150.15039,363900
21-12-2023,21033.94922,21288.34961,20976.80078,21255.05078,277500
22-12-2023,21295.84961,21390.5,21232.44922,21349.40039,284700
26-12-2023,21365.19922,21477.15039,21329.44922,21441.34961,219500
27-12-2023,21497.65039,21675.75,21495.80078,21654.75,256500
28-12-2023,21715,21801.44922,21678,21778.69922,393100
29-12-2023,21737.65039,21770.30078,21676.90039,21731.40039,270900
01-01-2024,21727.75,21834.34961,21680.84961,21741.90039,154000
02-01-2024,21751.34961,21755.59961,21555.65039,21665.80078,263700
03-01-2024,21661.09961,21677,21500.34961,21517.34961,311900
04-01-2024,21605.80078,21685.65039,21564.55078,21658.59961,339200
05-01-2024,21705.75,21749.59961,21629.19922,21710.80078,309300
08-01-2024,21747.59961,21763.94922,21492.90039,21513,231500
09-01-2024,21653.59961,21724.44922,21517.84961,21544.84961,228600
10-01-2024,21529.30078,21641.84961,21448.65039,21618.69922,217000
11-01-2024,21688,21726.5,21593.75,21647.19922,212500
12-01-2024,21773.55078,21928.25,21715.15039,21894.55078,294700
15-01-2024,22053.15039,22115.55078,21963.55078,22097.44922,345500
16-01-2024,22080.5,22124.15039,21969.80078,22032.30078,292400
17-01-2024,21647.25,21851.5,21550.44922,21571.94922,456000
18-01-2024,21414.19922,21539.40039,21285.55078,21462.25,387300
19-01-2024,21615.19922,21670.59961,21575,21622.40039,343100
23-01-2024,21716.69922,21750.25,21192.59961,21238.80078,449700
24-01-2024,21185.25,21482.34961,21137.19922,21453.94922,407500
25-01-2024,21454.59961,21459,21247.05078,21352.59961,418100
29-01-2024,21433.09961,21763.25,21429.59961,21737.59961,376700
30-01-2024,21775.75,21813.05078,21501.80078,21522.09961,375100
31-01-2024,21487.25,21741.34961,21448.84961,21725.69922,410600
01-02-2024,21780.65039,21832.94922,21658.75,21697.44922,332500
02-02-2024,21812.75,22126.80078,21805.55078,21853.80078,442800
05-02-2024,21921.05078,21964.30078,21726.94922,21771.69922,440800
06-02-2024,21825.19922,21951.40039,21737.55078,21929.40039,371000
07-02-2024,22045.05078,22053.30078,21860.15039,21930.5,346300
08-02-2024,22009.65039,22011.05078,21665.30078,21717.94922,491100
09-02-2024,21727,21804.44922,21629.90039,21782.5,349200
12-02-2024,21800.80078,21831.69922,21574.75,21616.05078,287400
13-02-2024,21664.30078,21766.80078,21543.34961,21743.25,365800
14-02-2024,21578.15039,21870.84961,21530.19922,21840.05078,359100
15-02-2024,21906.55078,21953.84961,21794.80078,21910.75,345400
16-02-2024,22020.30078,22068.65039,21968.94922,22040.69922,343900
19-02-2024,22103.44922,22186.65039,22021.05078,22122.25,0
20-02-2024,22099.19922,22215.59961,22045.84961,22196.94922,295700
21-02-2024,22248.84961,22249.40039,21997.94922,22055.05078,364500
22-02-2024,22081.55078,22252.5,21875.25,22217.44922,343500
23-02-2024,22290,22297.5,22186.09961,22212.69922,226000
26-02-2024,22169.19922,22202.15039,22075.15039,22122.05078,207800
27-02-2024,22090.19922,22218.25,22085.65039,22198.34961,252200
28-02-2024,22214.09961,22229.15039,21915.84961,21951.15039,203000
29-02-2024,21935.19922,22060.55078,21860.65039,21982.80078,360200
01-03-2024,22048.30078,22353.30078,22047.75,22338.75,351500
04-03-2024,22403.5,22440.90039,22358.30078,22405.59961,298800
05-03-2024,22371.25,22416.90039,22269.15039,22356.30078,296200
06-03-2024,22327.5,22497.19922,22224.34961,22474.05078,312300
07-03-2024,22505.30078,22525.65039,22430,22493.55078,379900
11-03-2024,22517.5,22526.59961,22307.25,22332.65039,277900
12-03-2024,22334.44922,22452.55078,22256,22335.69922,299200
13-03-2024,22432.19922,22446.75,21905.65039,21997.69922,493300
14-03-2024,21982.55078,22204.59961,21917.5,22146.65039,426700
15-03-2024,22064.84961,22120.90039,21931.69922,22023.34961,661500
18-03-2024,21990.09961,22123.69922,21916.55078,22055.69922,356300
19-03-2024,21946.44922,21978.30078,21793.09961,21817.44922,344200
20-03-2024,21843.90039,21930.90039,21710.19922,21839.09961,312400
21-03-2024,21989.90039,22080.94922,21941.30078,22011.94922,353200
22-03-2024,21932.19922,22180.69922,21883.30078,22096.75,388700
26-03-2024,21947.90039,22073.19922,21947.55078,22004.69922,328400
27-03-2024,22053.94922,22193.59961,22052.84961,22123.65039,409100
28-03-2024,22163.59961,22516,22163.59961,22326.90039,410500
01-04-2024,22455,22529.94922,22427.75,22462,0
02-04-2024,22458.80078,22497.59961,22388.15039,22453.30078,289500
03-04-2024,22385.69922,22521.09961,22346.5,22434.65039,309600
04-04-2024,22592.09961,22619,22303.80078,22514.65039,401000
05-04-2024,22486.40039,22537.59961,22427.59961,22513.69922,242200
08-04-2024,22578.34961,22697.30078,22550.34961,22666.30078,227600
09-04-2024,22765.09961,22768.40039,22612.25,22642.75,232400
10-04-2024,22720.25,22775.69922,22673.69922,22753.80078,276800
12-04-2024,22677.40039,22726.44922,22503.75,22519.40039,357200
15-04-2024,22339.05078,22427.44922,22259.55078,22272.5,355500
16-04-2024,22125.30078,22213.75,22079.44922,22147.90039,317300
18-04-2024,22212.34961,22326.5,21961.69922,21995.84961,456900
19-04-2024,21861.5,22179.55078,21777.65039,22147,362500
22-04-2024,22336.90039,22375.65039,22198.15039,22336.40039,279300
23-04-2024,22447.05078,22447.55078,22349.44922,22368,231500
24-04-2024,22421.55078,22476.44922,22384,22402.40039,235900
25-04-2024,22316.90039,22625.94922,22305.25,22570.34961,475000
26-04-2024,22620.40039,22620.40039,22385.55078,22419.94922,329900
29-04-2024,22475.55078,22655.80078,22441.90039,22643.40039,292000
30-04-2024,22679.65039,22783.34961,22568.40039,22604.84961,361900
02-05-2024,22567.84961,22710.5,22567.84961,22648.19922,445900
03-05-2024,22766.34961,22794.69922,22348.05078,22475.84961,438100
06-05-2024,22561.59961,22588.80078,22409.44922,22442.69922,320300
07-05-2024,22489.75,22499.05078,22232.05078,22302.5,297800
08-05-2024,22231.19922,22368.65039,22185.19922,22302.5,277400
09-05-2024,22224.80078,22307.75,21932.40039,21957.5,331300
10-05-2024,21990.94922,22131.30078,21950.30078,22055.19922,265800
13-05-2024,22027.94922,22131.65039,21821.05078,22104.05078,278200
14-05-2024,22112.90039,22270.05078,22081.25,22217.84961,230200
15-05-2024,22255.59961,22297.55078,22151.75,22200.55078,231900
16-05-2024,22319.19922,22432.25,22054.55078,22403.84961,368900
17-05-2024,22415.25,22502.15039,22345.65039,22466.09961,242700
21-05-2024,22404.55078,22591.09961,22404.55078,22529.05078,347600
22-05-2024,22576.59961,22629.5,22483.15039,22597.80078,290300
23-05-2024,22614.09961,22993.59961,22577.44922,22967.65039,369800
24-05-2024,22930.75,23026.40039,22908,22957.09961,261900
27-05-2024,23038.94922,23110.80078,22871.19922,22932.44922,260000
28-05-2024,22977.15039,22998.55078,22858.5,22888.15039,217900
29-05-2024,22762.75,22825.5,22685.44922,22704.69922,269900
30-05-2024,22617.44922,22705.75,22417,22488.65039,373400
31-05-2024,22568.09961,22653.75,22465.09961,22530.69922,572100
03-06-2024,23337.90039,23338.69922,23062.30078,23263.90039,569400
04-06-2024,23179.5,23179.5,21281.44922,21884.5,1006100
05-06-2024,22128.34961,22670.40039,21791.94922,22620.34961,638500
06-06-2024,22798.59961,22910.15039,22642.59961,22821.40039,480400
07-06-2024,22821.84961,23320.19922,22789.05078,23290.15039,473600
10-06-2024,23319.15039,23411.90039,23227.15039,23259.19922,304400
11-06-2024,23283.75,23389.44922,23206.65039,23264.84961,305200
12-06-2024,23344.44922,23441.94922,23295.94922,23322.94922,295600
13-06-2024,23480.94922,23481.05078,23353.90039,23398.90039,268300
14-06-2024,23464.94922,23490.40039,23334.25,23465.59961,223100
18-06-2024,23570.80078,23579.05078,23499.69922,23557.90039,272200
19-06-2024,23629.84961,23664,23412.90039,23516,328800
20-06-2024,23586.15039,23624,23442.59961,23567,280300
21-06-2024,23661.15039,23667.09961,23398.19922,23501.09961,609900
24-06-2024,23382.30078,23558.09961,23350,23537.84961,239400
25-06-2024,23577.09961,23754.15039,23562.05078,23721.30078,298100
26-06-2024,23723.09961,23889.90039,23670.44922,23868.80078,287800
27-06-2024,23881.55078,24087.44922,23805.40039,24044.5,515200
28-06-2024,24085.90039,24174,23985.80078,24010.59961,354800
01-07-2024,23992.94922,24164,23992.69922,24141.94922,0
02-07-2024,24228.75,24236.34961,24056.40039,24123.84961,0
03-07-2024,24291.75,24309.15039,24207.09961,24286.5,0
04-07-2024,24369.94922,24401,24281,24302.15039,251200
05-07-2024,24213.34961,24363,24168.84961,24323.84961,298400
08-07-2024,24329.44922,24344.59961,24240.55078,24320.55078,266300
09-07-2024,24351,24443.59961,24331.90039,24433.19922,250500
10-07-2024,24459.84961,24461.05078,24141.80078,24324.44922,292300
11-07-2024,24396.55078,24402.65039,24193.75,24315.94922,306400
12-07-2024,24387.94922,24592.19922,24331.15039,24502.15039,325800
15-07-2024,24587.59961,24635.05078,24522.75,24586.69922,305400
16-07-2024,24615.90039,24661.25,24587.65039,24613,283200
18-07-2024,24543.80078,24837.75,24504.44922,24800.84961,350900
19-07-2024,24853.80078,24854.80078,24508.15039,24530.90039,343800
22-07-2024,24445.75,24595.19922,24362.30078,24509.25,324200
23-07-2024,24568.90039,24582.55078,24074.19922,24479.05078,436400
24-07-2024,24444.94922,24504.25,24307.25,24413.5,366600
25-07-2024,24230.94922,24426.15039,24210.80078,24406.09961,391800
26-07-2024,24423.34961,24861.15039,24410.90039,24834.84961,383800
29-07-2024,24943.30078,24999.75,24774.59961,24836.09961,355000
30-07-2024,24839.40039,24971.75,24798.65039,24857.30078,385000
31-07-2024,24886.69922,24984.59961,24856.5,24951.15039,333600
01-08-2024,25030.94922,25078.30078,24956.40039,25010.90039,431300
02-08-2024,24789,24851.90039,24686.84961,24717.69922,345000
05-08-2024,24302.84961,24350.05078,23893.69922,24055.59961,487000
06-08-2024,24189.84961,24382.59961,23960.40039,23992.55078,312300
07-08-2024,24289.40039,24337.69922,24184.90039,24297.5,317600
08-08-2024,24248.55078,24340.5,24079.69922,24117,311900
09-08-2024,24386.84961,24419.75,24311.19922,24367.5,215100
12-08-2024,24320.05078,24472.80078,24212.09961,24347,279900
13-08-2024,24342.34961,24359.94922,24116.5,24139,239700
14-08-2024,24184.40039,24196.5,24099.69922,24143.75,303300
16-08-2024,24334.84961,24563.90039,24204.5,24541.15039,271600
19-08-2024,24636.34961,24638.80078,24522.94922,24572.65039,243600
20-08-2024,24648.90039,24734.30078,24607.19922,24698.84961,238300
21-08-2024,24680.55078,24787.94922,24654.5,24770.19922,257100
22-08-2024,24863.40039,24867.34961,24784.44922,24811.5,220300
23-08-2024,24845.40039,24858.40039,24771.65039,24823.15039,206800
26-08-2024,24906.09961,25043.80078,24874.69922,25010.59961,210300
27-08-2024,25024.80078,25073.09961,24973.65039,25017.75,223300
28-08-2024,25030.80078,25129.59961,24964.65039,25052.34961,220400
29-08-2024,25035.30078,25192.90039,24998.5,25151.94922,354000
30-08-2024,25249.69922,25268.34961,25199.40039,25235.90039,638200
02-09-2024,25333.59961,25333.65039,25235.5,25278.69922,222800
03-09-2024,25313.40039,25321.69922,25235.80078,25279.84961,212100
04-09-2024,25089.94922,25216,25083.80078,25198.69922,253800
05-09-2024,25250.5,25275.44922,25127.75,25145.09961,222200
06-09-2024,25093.69922,25168.75,24801.30078,24852.15039,311700
09-09-2024,24823.40039,24957.5,24753.15039,24936.40039,254400
10-09-2024,24999.40039,25130.5,24896.80078,25041.09961,251300
11-09-2024,25034,25113.69922,24885.15039,24918.44922,279200
12-09-2024,25059.65039,25433.34961,24941.44922,25388.90039,380100
13-09-2024,25430.44922,25430.5,25292.44922,25356.5,250800
16-09-2024,25406.65039,25445.69922,25336.19922,25383.75,168700
17-09-2024,25416.90039,25441.65039,25352.25,25418.55078,216000
18-09-2024,25402.40039,25482.19922,25285.55078,25377.55078,215700
19-09-2024,25487.05078,25611.94922,25376.05078,25415.80078,314500
20-09-2024,25525.94922,25849.25,25426.59961,25790.94922,533100
23-09-2024,25872.55078,25956,25847.34961,25939.05078,209200
24-09-2024,25921.44922,26011.55078,25886.84961,25940.40039,384100
25-09-2024,25899.44922,26032.80078,25871.34961,26004.15039,278500
26-09-2024,26005.40039,26250.90039,25998.40039,26216.05078,370900
27-09-2024,26248.25,26277.34961,26151.40039,26178.94922,490300
30-09-2024,26061.30078,26134.69922,25794.09961,25810.84961,343100
01-10-2024,25788.44922,25907.59961,25739.19922,25796.90039,247400
03-10-2024,25452.84961,25639.44922,25230.30078,25250.09961,423400
04-10-2024,25181.90039,25485.05078,24966.80078,25014.59961,374900
07-10-2024,25084.09961,25143,24694.34961,24795.75,374300
08-10-2024,24832.19922,25044,24756.80078,25013.15039,333200
09-10-2024,25065.80078,25234.05078,24947.69922,24981.94922,290600
10-10-2024,25067.05078,25134.05078,24979.40039,24998.44922,261400
11-10-2024,24985.30078,25028.65039,24920.05078,24964.25,210500
14-10-2024,25023.44922,25159.75,25017.5,25127.94922,206400
15-10-2024,25186.30078,25212.05078,25008.15039,25057.34961,257200
16-10-2024,25008.55078,25093.40039,24908.44922,24971.30078,226800
17-10-2024,25027.40039,25029.5,24728.90039,24749.84961,252800
18-10-2024,24664.94922,24886.19922,24567.65039,24854.05078,290900
21-10-2024,24956.15039,24978.30078,24679.59961,24781.09961,242000
22-10-2024,24798.65039,24882,24445.80078,24472.09961,279500
23-10-2024,24378.15039,24604.25,24378.09961,24435.5,284600
24-10-2024,24412.69922,24480.65039,24341.19922,24399.40039,216700
25-10-2024,24418.05078,24440.25,24073.90039,24180.80078,372600
28-10-2024,24251.09961,24492.59961,24134.90039,24339.15039,278600
29-10-2024,24328.84961,24484.5,24140.84961,24466.84961,332000
30-10-2024,24371.44922,24498.19922,24307.30078,24340.84961,285200
31-10-2024,24349.84961,24372.44922,24172.59961,24205.34961,287000
01-11-2024,24302.75,24368.25,24280.19922,24304.34961,38800
04-11-2024,24315.75,24316.75,23816.15039,23995.34961,285500
05-11-2024,23916.5,24229.05078,23842.75,24213.30078,289500
06-11-2024,24308.75,24537.59961,24204.05078,24484.05078,351100
07-11-2024,24489.59961,24503.34961,24179.05078,24199.34961,322200
08-11-2024,24207.69922,24276.15039,24066.65039,24148.19922,298700
11-11-2024,24087.25,24336.80078,24004.59961,24141.30078,273400
12-11-2024,24225.80078,24242,23839.15039,23883.44922,255800
13-11-2024,23822.44922,23873.59961,23509.59961,23559.05078,304600
14-11-2024,23542.15039,23675.90039,23484.15039,23532.69922,257700
18-11-2024,23605.30078,23606.80078,23350.40039,23453.80078,263300
19-11-2024,23529.55078,23780.65039,23464.80078,23518.5,297500
21-11-2024,23488.44922,23507.30078,23263.15039,23349.90039,420300
22-11-2024,23411.80078,23956.09961,23359,23907.25,367600
25-11-2024,24253.55078,24351.55078,24135.44922,24221.90039,687200
26-11-2024,24343.30078,24343.30078,24125.40039,24194.5,230700
27-11-2024,24204.80078,24354.55078,24145.65039,24274.90039,295000
28-11-2024,24274.15039,24345.75,23873.34961,23914.15039,366700
29-11-2024,23927.15039,24188.44922,23927.15039,24131.09961,282100
02-12-2024,24140.84961,24301.69922,24008.65039,24276.05078,220400
03-12-2024,24367.5,24481.34961,24280,24457.15039,339500
04-12-2024,24488.75,24573.19922,24366.30078,24467.44922,348000
05-12-2024,24539.15039,24857.75,24295.55078,24708.40039,361500
06-12-2024,24729.44922,24751.05078,24620.5,24677.80078,226700
09-12-2024,24633.90039,24705,24580.05078,24619,248100
10-12-2024,24652.65039,24677.80078,24510.65039,24610.05078,261000
11-12-2024,24620.5,24691.75,24583.84961,24641.80078,187300
12-12-2024,24604.44922,24675.25,24527.94922,24548.69922,266100
13-12-2024,24498.34961,24792.30078,24180.80078,24768.30078,310100
16-12-2024,24753.40039,24781.25,24601.75,24668.25,187600
17-12-2024,24584.80078,24624.09961,24303.44922,24336,264900
18-12-2024,24297.94922,24394.44922,24149.84961,24198.84961,235300
19-12-2024,23877.15039,24004.90039,23870.30078,23951.69922,271100
20-12-2024,23960.69922,24065.80078,23537.34961,23587.5,442700
23-12-2024,23738.19922,23869.55078,23647.19922,23753.44922,189800
24-12-2024,23769.09961,23867.65039,23685.15039,23727.65039,177700
26-12-2024,23775.80078,23854.5,23653.59961,23750.19922,177700
27-12-2024,23801.40039,23938.84961,23800.59961,23813.40039,176800
30-12-2024,23796.90039,23915.34961,23599.30078,23644.90039,364900
31-12-2024,23560.59961,23689.84961,23460.44922,23644.80078,193600
01-01-2025,23637.65039,23822.80078,23562.80078,23742.90039,154900
02-01-2025,23783,24226.69922,23751.55078,24188.65039,283200
03-01-2025,24196.40039,24196.44922,23976,24004.75,312300
06-01-2025,24045.80078,24089.94922,23551.90039,23616.05078,278100
07-01-2025,23679.90039,23795.19922,23637.80078,23707.90039,262300
08-01-2025,23746.65039,23751.84961,23496.15039,23688.94922,266400
09-01-2025,23674.75,23689.5,23503.05078,23526.5,269200
10-01-2025,23551.90039,23596.59961,23344.34961,23431.5,261000
13-01-2025,23195.40039,23340.94922,23047.25,23085.94922,316500
14-01-2025,23165.90039,23264.94922,23134.15039,23176.05078,311200
15-01-2025,23250.44922,23293.65039,23146.44922,23213.19922,228000
16-01-2025,23377.25,23391.65039,23272.05078,23311.80078,299400
17-01-2025,23277.09961,23292.09961,23100.34961,23203.19922,272900
20-01-2025,23290.40039,23391.09961,23170.65039,23344.75,301500
21-01-2025,23421.65039,23426.30078,22976.84961,23024.65039,312900
22-01-2025,23099.15039,23169.55078,22981.30078,23155.34961,276000
23-01-2025,23128.30078,23270.80078,23090.65039,23205.34961,275600
24-01-2025,23183.90039,23347.30078,23050,23092.19922,264300
27-01-2025,22940.15039,23007.44922,22786.90039,22829.15039,257400
28-01-2025,22960.44922,23137.94922,22857.65039,22957.25,361900
29-01-2025,23026.75,23183.34961,22976.5,23163.09961,226300
30-01-2025,23169.5,23322.05078,23139.19922,23249.5,361900
31-01-2025,23296.75,23546.80078,23277.40039,23508.40039,304900
01-02-2025,23528.59961,23632.44922,23318.30078,23482.15039,281000
03-02-2025,23319.34961,23381.59961,23222,23361.05078,329700
04-02-2025,23509.90039,23762.75,23423.15039,23739.25,376700
05-02-2025,23801.75,23807.30078,23680.44922,23696.30078,267000
06-02-2025,23761.94922,23773.55078,23556.25,23603.34961,307000
07-02-2025,23649.5,23694.5,23443.19922,23559.94922,368100
10-02-2025,23543.80078,23568.59961,23316.30078,23381.59961,234200
11-02-2025,23383.55078,23390.05078,22986.65039,23071.80078,268000
12-02-2025,23050.80078,23144.69922,22798.34961,23045.25,279700
13-02-2025,23055.75,23235.5,22992.19922,23031.40039,265700
14-02-2025,23096.44922,23133.69922,22774.84961,22929.25,254500
17-02-2025,22809.90039,22974.19922,22725.44922,22959.5,207400
18-02-2025,22963.65039,22992.5,22801.5,22945.30078,210600
19-02-2025,22847.25,23049.94922,22814.84961,22932.90039,207000
20-02-2025,22821.09961,22923.84961,22812.75,22913.15039,240800
21-02-2025,22857.19922,22921,22720.30078,22795.90039,242800
24-02-2025,22609.34961,22668.05078,22518.80078,22553.34961,214300
25-02-2025,22516.44922,22625.30078,22513.90039,22547.55078,250300
27-02-2025,22568.94922,22613.30078,22508.40039,22545.05078,289200
28-02-2025,22433.40039,22450.34961,22104.84961,22124.69922,551300
03-03-2025,22194.55078,22261.55078,22004.69922,22119.30078,282400
04-03-2025,21974.44922,22105.05078,21964.59961,22082.65039,253300
05-03-2025,22073.05078,22394.90039,22067.80078,22337.30078,305900
06-03-2025,22476.34961,22556.44922,22245.84961,22544.69922,372100
07-03-2025,22508.65039,22633.80078,22464.75,22552.5,289800
10-03-2025,22521.84961,22676.75,22429.05078,22460.30078,293900
11-03-2025,22345.94922,22522.09961,22314.69922,22497.90039,347900
12-03-2025,22536.34961,22577.40039,22329.55078,22470.5,369700
13-03-2025,22541.5,22558.05078,22377.34961,22397.19922,287500
17-03-2025,22353.15039,22577,22353.15039,22508.75,251100
18-03-2025,22662.25,22857.80078,22599.19922,22834.30078,272600
19-03-2025,22874.94922,22940.69922,22807.94922,22907.59961,324000
20-03-2025,23036.59961,23216.69922,22973.94922,23190.65039,313700
21-03-2025,23168.25,23402.69922,23132.80078,23350.40039,541000
24-03-2025,23515.40039,23708.75,23433.5,23658.34961,311900
25-03-2025,23751.5,23869.59961,23601.40039,23668.65039,338200
26-03-2025,23700.94922,23736.5,23451.69922,23486.84961,278600
27-03-2025,23433.94922,23646.44922,23412.19922,23591.94922,510300
28-03-2025,23600.40039,23649.19922,23450.19922,23519.34961,295400
01-04-2025,23341.09961,23565.15039,23136.40039,23165.69922,314300
02-04-2025,23192.59961,23350,23158.44922,23332.34961,341000
03-04-2025,23150.30078,23306.5,23145.80078,23250.09961,283200
04-04-2025,23190.40039,23214.69922,22857.44922,22904.44922,466800
07-04-2025,21758.40039,22254,21743.65039,22161.59961,647100
08-04-2025,22446.75,22697.19922,22270.84961,22535.84961,468300
09-04-2025,22460.30078,22468.69922,22353.25,22399.15039,383800
11-04-2025,22695.40039,22923.90039,22695.40039,22828.55078,402200
15-04-2025,23368.34961,23368.34961,23207,23328.55078,388300
16-04-2025,23344.09961,23452.19922,23273.05078,23437.19922,348400
17-04-2025,23401.84961,23872.34961,23298.55078,23851.65039,505300
21-04-2025,23949.15039,24189.55078,23903.65039,24125.55078,406100
22-04-2025,24185.40039,24242.59961,24072,24167.25,440900
23-04-2025,24357.59961,24359.30078,24119.94922,24328.94922,415000
24-04-2025,24277.90039,24347.84961,24216.15039,24246.69922,358800
25-04-2025,24289,24365.44922,23847.84961,24039.34961,387700
28-04-2025,24070.25,24355.09961,24054.05078,24328.5,320500
29-04-2025,24370.69922,24457.65039,24290.75,24335.94922,357600
30-04-2025,24342.05078,24396.15039,24198.75,24334.19922,424500
02-05-2025,24311.90039,24589.15039,24238.5,24346.69922,421100
05-05-2025,24419.5,24526.40039,24400.65039,24461.15039,291500
06-05-2025,24500.75,24509.65039,24331.80078,24379.59961,302400
07-05-2025,24233.30078,24449.59961,24220,24414.40039,330100
08-05-2025,24431.5,24447.25,24150.19922,24273.80078,411400
09-05-2025,23935.75,24164.25,23935.75,24008,335600
12-05-2025,24420.09961,24944.80078,24378.84961,24924.69922,368700
13-05-2025,24864.05078,24973.80078,24547.5,24578.34961,423000
14-05-2025,24613.80078,24767.55078,24535.55078,24666.90039,345500
15-05-2025,24694.44922,25116.25,24494.44922,25062.09961,500800
16-05-2025,25064.65039,25070,24953.05078,25019.80078,432700
19-05-2025,25005.34961,25062.94922,24916.65039,24945.44922,255300
20-05-2025,24996.19922,25010.34961,24669.69922,24683.90039,414800
21-05-2025,24744.25,24946.19922,24685.34961,24813.44922,332700
22-05-2025,24733.94922,24737.5,24462.40039,24609.69922,403300
23-05-2025,24639.5,24909.05078,24614.05078,24853.15039,270500
26-05-2025,24919.34961,25079.19922,24900.5,25001.15039,302800
27-05-2025,24956.65039,25062.90039,24704.09961,24826.19922,525700
28-05-2025,24832.5,24864.25,24737.05078,24752.44922,684400
29-05-2025,24825.09961,24892.59961,24677.30078,24833.59961,345400
30-05-2025,24812.59961,24863.94922,24717.40039,24750.69922,853900
02-06-2025,24669.69922,24754.40039,24526.15039,24716.59961,311100
03-06-2025,24786.30078,24845.09961,24502.15039,24542.5,349300
04-06-2025,24560.44922,24644.25,24530.44922,24620.19922,280900
05-06-2025,24691.19922,24899.84961,24613.09961,24750.90039,388400
06-06-2025,24748.69922,25029.5,24671.44922,25003.05078,335600
09-06-2025,25160.09961,25160.09961,25077.15039,25103.19922,279200
10-06-2025,25196.05078,25199.30078,25055.44922,25104.25,307300
11-06-2025,25134.15039,25222.40039,25081.30078,25141.40039,301200
12-06-2025,25164.44922,25196.19922,24825.90039,24888.19922,328300
13-06-2025,24473,24754.34961,24473,24718.59961,318700
16-06-2025,24732.34961,24967.09961,24703.59961,24946.5,305800
17-06-2025,24977.84961,24982.05078,24813.69922,24853.40039,242400
18-06-2025,24788.34961,24947.55078,24750.44922,24812.05078,237600
19-06-2025,24803.25,24863.09961,24733.40039,24793.25,274600
20-06-2025,24787.65039,25136.19922,24783.65039,25112.40039,574700
23-06-2025,24939.75,25057,24824.84961,24971.90039,248500
24-06-2025,25179.90039,25317.69922,24999.69922,25044.34961,450200
25-06-2025,25150.34961,25266.80078,25125.05078,25244.75,260600
26-06-2025,25268.94922,25565.30078,25259.90039,25549,428900
27-06-2025,25576.65039,25654.19922,25523.55078,25637.80078,564000
30-06-2025,25661.65039,25669.34961,25473.30078,25517.05078,271000
01-07-2025,25551.34961,25593.40039,25501.80078,25541.80078,260700
02-07-2025,25588.30078,25608.09961,25378.75,25453.40039,309800
03-07-2025,25505.09961,25587.5,25384.34961,25405.30078,293400
04-07-2025,25428.84961,25470.25,25331.65039,25461,193500
07-07-2025,25450.44922,25489.80078,25407.25,25461.30078,196100
08-07-2025,25427.84961,25548.05078,25424.15039,25522.5,210400
09-07-2025,25514.59961,25548.69922,25424.34961,25476.09961,239100
10-07-2025,25511.65039,25524.05078,25340.44922,25355.25,219600
11-07-2025,25255.5,25322.44922,25129,25149.84961,250000
14-07-2025,25149.5,25151.09961,25001.94922,25082.30078,259500
15-07-2025,25089.5,25245.19922,25088.44922,25195.80078,241300
16-07-2025,25196.59961,25255.30078,25121.05078,25212.05078,228800
17-07-2025,25230.75,25238.34961,25101,25111.44922,243400
18-07-2025,25108.55078,25144.59961,24918.65039,24968.40039,317000
21-07-2025,24999,25111.40039,24882.30078,25090.69922,305200
22-07-2025,25166.65039,25182,25035.55078,25060.90039,483700
23-07-2025,25139.34961,25233.5,25085.5,25219.90039,271500
24-07-2025,25243.30078,25246.25,25018.69922,25062.09961,338700
25-07-2025,25010.34961,25010.34961,24806.34961,24837,278100
28-07-2025,24782.44922,24889.19922,24646.59961,24680.90039,262100
29-07-2025,24609.65039,24847.15039,24598.59961,24821.09961,284700
30-07-2025,24890.40039,24902.30078,24771.94922,24855.05078,243900
31-07-2025,24642.25,24956.5,24635,24768.34961,346300
01-08-2025,24734.90039,24784.15039,24535.05078,24565.34961,263400
04-08-2025,24596.05078,24736.25,24554,24722.75,259300
05-08-2025,24720.25,24733.09961,24590.30078,24649.55078,251800
06-08-2025,24641.34961,24671.40039,24539.19922,24574.19922,225100
07-08-2025,24464.19922,24634.19922,24344.15039,24596.15039,616700
08-08-2025,24544.25,24585.5,24337.5,24363.30078,312600
11-08-2025,24371.5,24600.84961,24347.44922,24585.05078,241100
12-08-2025,24563.34961,24702.59961,24465.65039,24487.40039,237000
13-08-2025,24586.19922,24664.55078,24535.25,24619.34961,236000
14-08-2025,24607.25,24673.65039,24596.90039,24631.30078,270200
18-08-2025,24938.19922,25022,24852.84961,24876.94922,363100
19-08-2025,24891.34961,25012.65039,24873.94922,24980.65039,252300
20-08-2025,24965.80078,25088.69922,24929.69922,25050.55078,287100
21-08-2025,25142,25153.65039,25054.90039,25083.75,226500
22-08-2025,25064.15039,25084.84961,24859.15039,24870.09961,210200
25-08-2025,24949.15039,25021.55078,24894.34961,24967.75,213000
26-08-2025,24899.5,24919.65039,24689.59961,24712.05078,750500
28-08-2025,24695.80078,24702.65039,24481.59961,24500.90039,326600
29-08-2025,24466.69922,24572.44922,24404.69922,24426.84961,325500
01-09-2025,24432.69922,24635.59961,24432.69922,24625.05078,229300
02-09-2025,24653,24756.09961,24522.34961,24579.59961,271600
03-09-2025,24616.5,24737.05078,24533.19922,24715.05078,340300
04-09-2025,24980.75,24980.75,24708.19922,24734.30078,314100
05-09-2025,24818.84961,24832.34961,24621.59961,24741,210100
08-09-2025,24802.59961,24885.5,24751.55078,24773.15039,213200
09-09-2025,24864.09961,24891.80078,24814,24868.59961,226900
10-09-2025,24991,25035.69922,24915.05078,24973.09961,244100
11-09-2025,24945.5,25037.30078,24940.15039,25005.5,224600
12-09-2025,25074.44922,25139.44922,25038.05078,25114,225700
15-09-2025,25118.90039,25138.44922,25048.75,25069.19922,185400
16-09-2025,25073.59961,25261.40039,25070.44922,25239.09961,240100
17-09-2025,25276.59961,25346.5,25275.34961,25330.25,268900
18-09-2025,25441.05078,25448.94922,25329.75,25423.59961,272200
19-09-2025,25410.19922,25428.75,25286.30078,25327.05078,380400
22-09-2025,25238.09961,25331.69922,25151.05078,25202.34961,254500
23-09-2025,25209,25261.90039,25084.65039,25169.5,299200
24-09-2025,25108.75,25149.84961,25027.44922,25056.90039,244400
25-09-2025,25034.5,25092.69922,24878.30078,24890.84961,342500
26-09-2025,24818.55078,24868.59961,24629.44922,24654.69922,291500
29-09-2025,24728.55078,24791.30078,24606.19922,24634.90039,394400
30-09-2025,24691.94922,24731.80078,24587.69922,24611.09961,303000
01-10-2025,24620.55078,24867.94922,24605.94922,24836.30078,308900
03-10-2025,24759.55078,24904.80078,24747.55078,24894.25,365900
06-10-2025,24916.55078,25095.94922,24881.65039,25077.65039,268800
07-10-2025,25085.30078,25220.90039,25076.30078,25108.30078,288000
08-10-2025,25079.75,25192.5,25008.5,25046.15039,227400
09-10-2025,25074.30078,25199.25,25024.30078,25181.80078,286300
10-10-2025,25167.65039,25330.75,25156.84961,25285.34961,232900
13-10-2025,25177.30078,25267.30078,25152.30078,25227.34961,234300
14-10-2025,25277.55078,25310.34961,25060.55078,25145.5,292100
15-10-2025,25181.94922,25365.15039,25159.34961,25323.55078,289900
16-10-2025,25394.90039,25625.40039,25376.84961,25585.30078,372800
17-10-2025,25546.84961,25781.5,25508.59961,25709.84961,422100
20-10-2025,25824.59961,25926.19922,25788.5,25843.15039,301100
21-10-2025,25901.19922,25934.34961,25825.80078,25868.59961,42500
23-10-2025,26057.19922,26104.19922,25862.44922,25891.40039,448400
24-10-2025,25935.09961,25944.15039,25718.19922,25795.15039,284900
27-10-2025,25843.19922,26005.94922,25827,25966.05078,266300
28-10-2025,25939.94922,26041.69922,25810.05078,25936.19922,395200
29-10-2025,25982,26097.84961,25960.30078,26053.90039,321900
30-10-2025,25984.40039,26032.05078,25845.25,25877.84961,257400
31-10-2025,25863.80078,25953.75,25711.19922,25722.09961,334400
03-11-2025,25696.84961,25803.09961,25645.5,25763.34961,23300
04-11-2025,25744.75,25787.40039,25578.40039,25597.65039,305100
06-11-2025,25593.34961,25679.15039,25491.55078,25509.69922,371900
07-11-2025,25433.80078,25551.25,25318.44922,25492.30078,305600
10-11-2025,25503.5,25653.44922,25503.5,25574.34961,243600
11-11-2025,25617,25715.80078,25449.25,25694.94922,297700
12-11-2025,25834.30078,25934.55078,25781.15039,25875.80078,312600
13-11-2025,25906.09961,26010.69922,25808.40039,25879.15039,385200
14-11-2025,25767.90039,25940.19922,25740.80078,25910.05078,518900
17-11-2025,25948.19922,26024.19922,25906.34961,26013.44922,281800
18-11-2025,26021.80078,26029.84961,25876.5,25910.05078,280000
19-11-2025,25918.09961,26074.65039,25856.19922,26052.65039,250100
20-11-2025,26132.09961,26246.65039,26063.19922,26192.15039,240400
21-11-2025,26109.55078,26179.19922,26052.19922,26068.15039,235600
24-11-2025,26122.80078,26142.80078,25912.15039,25959.5,464700
25-11-2025,25998.5,26032.59961,25857.5,25884.80078,260500
26-11-2025,25842.94922,26215.15039,25842.94922,26205.30078,275300
27-11-2025,26261.25,26310.44922,26141.90039,26215.55078,240300
28-11-2025,26237.44922,26280.75,26172.40039,26202.94922,202500
01-12-2025,26325.80078,26325.80078,26124.19922,26175.75,213800
02-12-2025,26087.94922,26154.59961,25997.84961,26032.19922,254800
03-12-2025,26004.90039,26066.44922,25891,25986,265700
04-12-2025,25981.84961,26098.25,25938.94922,26033.75,248100
05-12-2025,25999.80078,26202.59961,25985.34961,26186.44922,249300
08-12-2025,26159.80078,26178.69922,25892.25,25960.55078,320700
09-12-2025,25867.09961,25923.65039,25728,25839.65039,276000
10-12-2025,25864.05078,25947.65039,25734.55078,25758,207900
11-12-2025,25771.40039,25922.80078,25693.25,25898.55078,206100
12-12-2025,25971.19922,26057.59961,25938.44922,26046.94922,216300
15-12-2025,25930.05078,26047.15039,25904.75,26027.30078,181600
16-12-2025,25951.5,25980.75,25834.34961,25860.09961,264400
17-12-2025,25902.40039,25929.15039,25770.34961,25818.55078,206500
18-12-2025,25764.69922,25902.34961,25726.30078,25815.55078,197600
19-12-2025,25911.5,25993.34961,25880.44922,25966.40039,382900
22-12-2025,26055.84961,26180.69922,26047.80078,26172.40039,253000
23-12-2025,26205.19922,26233.55078,26119.05078,26177.15039,216600
24-12-2025,26170.65039,26236.40039,26123,26142.09961,188800
26-12-2025,26121.25,26144.19922,26008.59961,26042.30078,142200
29-12-2025,26063.34961,26106.80078,25920.30078,25942.09961,234300
30-12-2025,25940.90039,25976.75,25878,25938.84961,396900
31-12-2025,25971.05078,26187.94922,25969,26129.59961,246300
01-01-2026,26173.30078,26197.55078,26113.40039,26146.55078,425600
02-01-2026,26155.09961,26340,26118.40039,26328.55078,357500
05-01-2026,26333.69922,26373.19922,26222.05078,26222.94922,0
